N° facture;Date paiement
FAC000157 3;2025-12-30
36249-3;2025-12-30
FAC000157-2;2025-11-25
36249-2;2025-11-25
Octobre 2025 + solde;2025-11-10
Ech 1;2025-11-10
FAC000157 1;2025-10-22
36249;2025-10-24
ECH0925;2025-12-30
202573600 1;2025-10-24
1630957;2025-11-10
1631016;2025-11-10
1632877;2025-11-10
1631540;2025-11-10
1632625;2025-11-10
1632893;2025-11-10
1633018;2025-11-10
ECH0825;2025-11-25
2509 723;2025-11-25
INV5029;2025-10-06
20369289;2025-10-22
INV5028;2025-09-19
20366884;2025-11-20
2506 468;2025-12-30
45567;2025-11-25
1631931;2025-08-10
1631684;2025-08-10
20363787;2025-10-20
2505 380;2025-10-13
45224;2025-10-13
20361613;2025-12-30
1632077;2025-07-10
1631807;2025-06-10
2504 294;2025-08-20
44927;2025-10-13
20359183;2025-11-25
2503 210;2025-07-18
1631435;2025-05-10
20355923;2025-11-25
2502 119;2025-07-18
20353363;2025-10-13
1631181;2025-04-10
1631284;2025-04-10
1630167;2025-04-10
1628165;2025-03-10
F140 4;2024-12-26
F140 3;2024-10-21
F140 2;2024-09-23
F140 1;2024-08-21
Ech2 101223;2023-12-12
ECH3 Janvier 2024;2024-01-18
Ech 4 - solde echeancier;2024-02-21
Ech 1 -;2023-11-21
261125INTC;2025-11-26